Compared Group,Wedge Similarity,Wedge Orientation,Probability of Belonging,N Samples,Total Processed,Is Similar (adaptive),Hydrophobic Angle (°),Charge Angle (°),Specular Reflection,Clifford Distance,Commutator Norm,Anticommutator Sim,Metric Similarity,GP Functional Sim,GP Structural Diff,GP Combined Sim,GP F/S Ratio,GP Interpretation,GP Grade 0 (Functional),GP Grade 2 (Pairs),GP Grade 3 (Triples),GP Grade 4 (Quadruples),GP Full Interpretation,Hodge Complementarity,Grassmann Distance,General Rotation Angle (°),Grassmann Projection,Fubini-Study,Ricci Curvature,Wasserstein Distance,Fractal Dim Diff,Radon Similarity,Laplacian Distance,Entropy Diff,Jensen-Shannon,Gini Diff,Complexity Diff,Modularity Diff,Hellinger,Spearman,Morans I Diff
CPP,0.120522,-1.0,0.994757,100,100,False,26.45,29.44,False,1.958144,0.615711,0.787972,0.946036,0.946036,116056141.312722,116056141.312722,0.0,"Structurally similar, functionally different",0.071043,0.070082,0.170063,0.090418,Strong 3-body cooperativity (protein domains),0.190097,0.615711,38.0,0.615711,0.663288,1.637829,0.13539,0.037602,0.979659,7.139422,0.259256,0.121946,0.103943,0.039086,0.102374,0.298226,0.58131,0.190978
NILE1,0.07323,-1.0,0.5,1,1,False,15.3,30.26,False,2.610527,0.38087,0.924628,0.944303,0.944303,47723365.942304,47723365.942304,0.0,"Structurally similar, functionally different",0.095416,0.050843,0.106969,0.047434,Balanced interactions across all orders,0.14007,0.38087,22.39,0.38087,0.390737,5.893591,0.078534,0.167611,0.987463,15.899089,0.657038,0.08132,0.213996,0.186868,0.004529,0.268636,0.917625,0.060507
NON_CPP,0.071735,-1.0,0.9098,71,71,False,28.51,27.51,False,2.002746,0.414464,0.910066,0.894746,0.894746,66748456.918137,66748456.918137,0.0,"Structurally similar, functionally different",0.068424,0.043978,0.108101,0.032159,Strong 3-body cooperativity (protein domains),0.117156,0.414464,24.49,0.414464,0.427354,4.821391,0.054142,0.037602,0.997949,3.080954,0.055072,0.03397,0.009091,0.018668,0.010517,0.154135,0.862399,0.092834
EBOLA_SUDAN,0.05591,-1.0,0.5,1,1,False,15.98,5.48,False,0.70568,0.28203,0.959405,0.947148,0.947148,25406933.793438,25406933.793438,0.0,"Structurally similar, functionally different",0.072307,0.031577,0.076613,0.023606,Balanced interactions across all orders,0.065843,0.28203,16.38,0.28203,0.28591,11.572106,0.03647,0.037602,0.999711,3.853724,0.190303,0.021236,0.080974,0.032191,0.016474,0.121645,0.903606,0.000723
EBOLA_RESTON,0.051584,-1.0,0.5,1,1,False,16.72,5.48,False,0.702728,0.275478,0.961307,0.947857,0.947857,48758366.226416,48758366.226416,0.0,"Structurally similar, functionally different",0.072633,0.031356,0.074346,0.023191,Balanced interactions across all orders,0.066217,0.275478,15.99,0.275478,0.279087,12.177257,0.040074,0.037602,0.999459,4.202969,0.224377,0.020349,0.090004,0.035598,0.050277,0.119193,0.932253,0.011269
UNFOLDED,0.047046,-1.0,0.980966,106,106,False,12.92,11.98,False,0.642987,0.278506,0.960434,0.962409,0.962409,44691422.621761,44691422.621761,0.0,"Structurally similar, functionally different",0.060269,0.025615,0.047469,0.014509,Balanced interactions across all orders,0.074799,0.278506,16.17,0.278506,0.282239,11.892288,0.066495,0.0,0.999078,6.442145,0.189174,0.017276,0.107008,0.018917,0.127465,0.109702,0.978661,0.079301
JUNV,0.046779,1.0,0.0,3,3,False,2.68,44.77,False,0.811235,0.217612,0.976035,0.974343,0.974343,104966009.352945,104966009.352945,0.0,"Structurally similar, functionally different",0.069956,0.023036,0.057123,0.018218,Balanced interactions across all orders,0.054499,0.217612,12.57,0.217612,0.219368,20.117014,0.025149,0.0,1.0,4.817727,0.110355,0.023986,0.051895,0.011035,0.019352,0.129871,0.837381,0.021521
EBOLA_ZAIRE,0.04537,-1.0,0.5,1,1,False,16.48,13.87,False,1.06018,0.265805,0.964027,0.954628,0.954628,38263740.285146,38263740.285146,0.0,"Structurally similar, functionally different",0.073115,0.029315,0.071586,0.021928,Balanced interactions across all orders,0.075878,0.265805,15.41,0.265805,0.269039,13.153797,0.032043,0.037602,0.999613,2.377048,0.146281,0.015363,0.060012,0.027789,0.083154,0.103399,0.909227,0.010559
LASV,0.042411,-1.0,0.0,4,4,False,15.2,4.25,False,0.57249,0.239268,0.970953,0.961767,0.961767,40084254.267256,40084254.267256,0.0,"Structurally similar, functionally different",0.071713,0.026865,0.062988,0.019593,Balanced interactions across all orders,0.065312,0.239268,13.84,0.239268,0.241612,16.467448,0.032061,0.037602,0.999389,3.955109,0.201623,0.014575,0.084599,0.033323,0.034872,0.100797,0.943341,0.000591
EBOLA_TAI_FOREST,0.041015,-1.0,0.5,1,1,False,11.77,8.46,False,0.820684,0.225039,0.97435,0.967684,0.967684,29025532.659026,29025532.659026,0.0,"Structurally similar, functionally different",0.073013,0.025001,0.058919,0.018889,Balanced interactions across all orders,0.062872,0.225039,13.01,0.225039,0.226983,18.746172,0.027398,0.0,0.999567,2.116608,0.161379,0.012828,0.062927,0.016138,0.023338,0.094436,0.906549,0.000731
LCMV,0.033826,-1.0,0.0,3,3,False,13.79,2.5,False,0.891173,0.209231,0.977866,0.969125,0.969125,26018491.978825,26018491.978825,0.0,"Structurally similar, functionally different",0.071114,0.022669,0.054939,0.016642,Balanced interactions across all orders,0.067371,0.209231,12.08,0.209231,0.210788,21.842774,0.027134,0.0,0.999843,2.835152,0.120679,0.010059,0.051419,0.012068,0.015768,0.083691,0.961001,0.005462
EBOLA_BUNDIBUGYO,0.033535,-1.0,0.5,1,1,False,11.12,7.64,False,1.128074,0.20173,0.979441,0.975774,0.975774,32380540.037863,32380540.037863,0.0,"Structurally similar, functionally different",0.072346,0.021694,0.052878,0.017488,Balanced interactions across all orders,0.067199,0.20173,11.64,0.20173,0.203124,23.573084,0.021385,0.037602,0.999837,2.42165,0.104012,0.010388,0.042254,0.023562,0.055768,0.084992,0.903606,0.012419
EBOLA_BOMBALI,0.033381,-1.0,0.5,1,1,False,2.51,0.01,False,0.723733,0.157459,0.987526,0.986888,0.986888,42450570.809618,42450570.809618,0.0,"Structurally similar, functionally different",0.069056,0.016363,0.040636,0.012713,Balanced interactions across all orders,0.055064,0.157459,9.06,0.157459,0.158117,39.333558,0.014123,0.037602,0.999997,1.539181,0.040925,0.009761,0.013981,0.017253,0.037646,0.082471,0.857984,0.007282
NILE2,0.031781,-1.0,0.5,1,1,False,9.27,16.22,False,1.769987,0.165951,0.986134,0.983516,0.983516,27393904.907644,27393904.907644,0.0,"Structurally similar, functionally different",0.069965,0.018049,0.04164,0.01336,Balanced interactions across all orders,0.046199,0.165951,9.55,0.165951,0.166723,35.310975,0.027909,0.037602,0.999923,3.62674,0.151332,0.010312,0.054661,0.028294,0.025176,0.085292,0.946205,0.017012
PARTIALLY_FOLDED,0.028773,1.0,1.0,153,153,False,6.7,21.25,False,0.235765,0.148063,0.988978,0.991604,0.991604,63227030.334445,63227030.334445,0.0,"Structurally similar, functionally different",0.065456,0.014539,0.032904,0.012939,Balanced interactions across all orders,0.063106,0.148063,8.51,0.148063,0.148609,44.615205,0.0137,0.037602,0.999865,2.969415,0.070352,0.007921,0.04046,0.006125,0.087458,0.074401,0.875644,0.000876
SIGNALS,0.026031,1.0,0.87996,47,47,False,8.99,5.2,False,0.322064,0.161105,0.986937,0.983641,0.983641,32755794.086942,32755794.086942,0.0,"Structurally similar, functionally different",0.070622,0.016889,0.041721,0.013274,Balanced interactions across all orders,0.069169,0.161105,9.27,0.161105,0.16181,37.528365,0.014557,0.0,0.99992,3.543833,0.031323,0.00537,0.003933,0.003132,0.02854,0.061064,0.975718,0.002409
UNREVIEWED_ALL,0.022201,1.0,0.999935,149234635,149234636,False,1.98,7.09,False,0.110185,0.105333,0.994437,0.994226,0.994226,42050287.614645,42050287.614645,0.0,"Structurally similar, functionally different",0.06899,0.010914,0.02691,0.009134,Balanced interactions across all orders,0.06088,0.105333,6.05,0.105333,0.105529,89.130036,0.018358,0.0,0.999997,3.81172,0.013455,0.004325,0.00605,0.001345,0.020814,0.054845,0.949228,0.025609
VIRUS_REVIEWED,0.021663,1.0,0.999958,17517,17517,False,5.91,3.39,False,0.120008,0.107779,0.994175,0.992774,0.992774,27400861.774135,27400861.774135,0.0,"Structurally similar, functionally different",0.068352,0.01112,0.027577,0.00877,Balanced interactions across all orders,0.053324,0.107779,6.19,0.107779,0.107989,85.085962,0.011944,0.0,0.99999,1.923398,0.016228,0.00341,0.001453,0.001623,0.011443,0.048663,0.949228,0.014527
VIRUS_UNREVIEWED,0.021403,1.0,0.999994,1087163,1087163,False,5.8,6.52,False,0.151167,0.113795,0.993504,0.992685,0.992685,47778868.693468,47778868.693468,0.0,"Structurally similar, functionally different",0.067094,0.01157,0.028641,0.009424,Balanced interactions across all orders,0.051531,0.113795,6.53,0.113795,0.114042,76.224603,0.010989,0.0,0.999945,3.102476,0.01327,0.004219,0.015786,0.001327,0.016248,0.054159,0.949228,0.022121
DISEASE,0.020075,1.0,0.998301,3942,3942,False,3.24,8.25,False,0.216183,0.092085,0.995751,0.995354,0.995354,35259441.405082,35259441.405082,0.0,"Structurally similar, functionally different",0.068223,0.00945,0.023487,0.007501,Functional interactions (scalar) dominate,0.05407,0.092085,5.28,0.092085,0.092216,116.929428,0.009921,0.0,0.999993,3.321887,0.001111,0.003125,0.009321,0.000111,0.015888,0.046595,0.975718,0.01634
REVIEWED_ALL,0.019659,1.0,0.999979,575503,575503,False,2.01,4.21,False,0.120629,0.095534,0.995426,0.996227,0.996227,42983734.642002,42983734.642002,0.0,"Structurally similar, functionally different",0.067381,0.009707,0.024025,0.007884,Functional interactions (scalar) dominate,0.057894,0.095534,5.48,0.095534,0.09568,108.569016,0.010863,0.037602,0.999974,4.293022,0.021376,0.003972,0.022846,0.011023,0.012937,0.052588,0.952171,0.026226
UNREVIEWED_HUMAN,0.019275,1.0,0.999997,127090,127090,False,3.81,8.71,False,0.337408,0.090102,0.995933,0.995674,0.995674,34345170.308927,34345170.308927,0.0,"Structurally similar, functionally different",0.067682,0.009165,0.022717,0.007357,Functional interactions (scalar) dominate,0.053642,0.090102,5.17,0.090102,0.090224,122.178233,0.007427,0.0,0.999973,3.465113,0.016253,0.002943,0.016854,0.001625,0.011931,0.045218,0.987491,0.013421
MACV,0.018577,-1.0,0.0,3,3,False,5.62,5.72,False,0.610312,0.097565,0.995229,0.994042,0.994042,61657855.158658,61657855.158658,0.0,"Structurally similar, functionally different",0.069321,0.010079,0.024905,0.008636,Functional interactions (scalar) dominate,0.061582,0.097565,5.6,0.097565,0.097721,104.053411,0.009237,0.037602,0.999948,2.055261,0.042265,0.003305,0.020221,0.017387,0.000193,0.047963,0.965416,2.6e-05
MEMBRANE,0.018122,1.0,0.998045,165,165,False,0.9,7.81,False,0.21703,0.089495,0.995987,0.995388,0.995388,22064204.355754,22064204.355754,0.0,"Structurally similar, functionally different",0.068383,0.009288,0.022639,0.008115,Functional interactions (scalar) dominate,0.053202,0.089495,5.13,0.089495,0.089615,123.854465,0.018465,0.037602,0.999999,2.474552,0.021954,0.003352,0.002262,0.015356,0.020176,0.048252,0.949228,0.027245
REVIEWED_HUMAN,0.017447,1.0,0.999964,20416,20416,False,4.25,5.86,False,0.265769,0.093053,0.995661,0.994897,0.994897,24100092.920435,24100092.920435,0.0,"Structurally similar, functionally different",0.068948,0.009592,0.023746,0.007529,Functional interactions (scalar) dominate,0.057241,0.093053,5.34,0.093053,0.093188,114.488037,0.009299,0.0,1.0,2.737691,0.009202,0.002631,0.003614,0.00092,0.013512,0.042738,0.984548,0.009366
